{"v":"4.8.0","meta":{"g":"LottieFiles AE ","a":"","k":"","d":"","tc":""},"fr":60,"ip":0,"op":300,"w":500,"h":500,"nm":"1","ddd":0,"assets":[{"id":"comp_0","layers":[{"ddd":0,"ind":1,"ty":4,"nm":"Bubble 1/[1-25] Outlines","sr":1,"ks":{"o":{"a":0,"k":100,"ix":11},"r":{"a":0,"k":0,"ix":10},"p":{"a":1,"k":[{"i":{"x":0.833,"y":0.909},"o":{"x":0,"y":0},"t":0,"s":[279,133,0],"to":[0,0,0],"ti":[2.5,29,0]},{"i":{"x":0.833,"y":0.833},"o":{"x":0.167,"y":0.167},"t":7.713,"s":[297,96.5,0],"to":[-2.5,-29,0],"ti":[-22,11,0]},{"i":{"x":0.476,"y":1},"o":{"x":0.167,"y":0.261},"t":23.283,"s":[315,35,0],"to":[22,-11,0],"ti":[-4,26,0]},{"t":60,"s":[363,-15,0]}],"ix":2},"a":{"a":0,"k":[287.5,84.75,0],"ix":1},"s":{"a":1,"k":[{"i":{"x":[0.833,0.833,0.833],"y":[0.833,0.833,0.833]},"o":{"x":[0.167,0.167,0.167],"y":[0.167,0.167,0.167]},"t":0,"s":[0,0,100]},{"i":{"x":[0.833,0.833,0.833],"y":[0.833,0.833,0.833]},"o":{"x":[0.167,0.167,0.167],"y":[0.167,0.167,0.167]},"t":12,"s":[105,105,100]},{"t":23,"s":[100,100,100]}],"ix":6}},"ao":0,"shapes":[{"ty":"gr","it":[{"ind":0,"ty":"sh","ix":1,"ks":{"a":0,"k":{"i":[[6.665,-3.681],[3.682,6.665],[-6.665,3.681],[-3.681,-6.665]],"o":[[6.665,3.681],[-3.681,6.665],[-6.665,-3.681],[3.682,-6.665]],"v":[[6.665,0],[0.001,6.665],[-6.665,0],[0.001,-6.665]],"c":true},"ix":2},"nm":"Path 1","mn":"ADBE Vector Shape - Group","hd":false},{"ty":"fl","c":{"a":0,"k":[0.8912,0.8218,0.4288,1],"ix":4},"o":{"a":0,"k":100,"ix":5},"r":1,"bm":0,"nm":"Fill 1","mn":"ADBE Vector Graphic - Fill","hd":false},{"ty":"tr","p":{"a":0,"k":[287.941,85.104],"ix":2},"a":{"a":0,"k":[0,0],"ix":1},"s":{"a":0,"k":[100,100],"ix":3},"r":{"a":0,"k":0,"ix":6},"o":{"a":0,"k":100,"ix":7},"sk":{"a":0,"k":0,"ix":4},"sa":{"a":0,"k":0,"ix":5},"nm":"Transform"}],"nm":"Group 1","np":2,"cix":2,"bm":0,"ix":1,"mn":"ADBE Vector Group","hd":false}],"ip":0,"op":301,"st":0,"bm":0,"completed":true}]},{"id":"comp_1","layers":[{"ddd":0,"ind":1,"ty":4,"nm":"Bubble 2/[1-25] Outlines","sr":1,"ks":{"o":{"a":0,"k":100,"ix":11},"r":{"a":0,"k":0,"ix":10},"p":{"a":1,"k":[{"i":{"x":0.833,"y":0.897},"o":{"x":0,"y":0},"t":0,"s":[133.5,179.5,0],"to":[0,0,0],"ti":[-10,34.5,0]},{"i":{"x":0.833,"y":0.833},"o":{"x":0.167,"y":0.167},"t":12.637,"s":[94,115.5,0],"to":[10,-34.5,0],"ti":[11.5,25.5,0]},{"i":{"x":0.535,"y":1},"o":{"x":0.167,"y":0.268},"t":27.896,"s":[101,41,0],"to":[-11.5,-25.5,0],"ti":[-8.5,24,0]},{"t":60,"s":[78,-31.5,0]}],"ix":2},"a":{"a":0,"k":[121.5,99,0],"ix":1},"s":{"a":1,"k":[{"i":{"x":[0.833,0.833,0.833],"y":[0.833,0.833,0.833]},"o":{"x":[0.167,0.167,0.167],"y":[0.167,0.167,0.167]},"t":0,"s":[0,0,100]},{"t":14,"s":[100,100,100]}],"ix":6}},"ao":0,"shapes":[{"ty":"gr","it":[{"ind":0,"ty":"sh","ix":1,"ks":{"a":0,"k":{"i":[[9.327,-5.152],[5.151,9.327],[-9.327,5.1499999999999995],[-5.152,-9.327]],"o":[[9.327,5.1499999999999995],[-5.152,9.327],[-9.327,-5.152],[5.151,-9.327]],"v":[[9.327,-0.001],[0,9.327],[-9.327,-0.001],[0,-9.327]],"c":true},"ix":2},"nm":"Path 1","mn":"ADBE Vector Shape - Group","hd":false},{"ty":"fl","c":{"a":0,"k":[0.8912,0.8218,0.4288,1],"ix":4},"o":{"a":0,"k":100,"ix":5},"r":1,"bm":0,"nm":"Fill 1","mn":"ADBE Vector Graphic - Fill","hd":false},{"ty":"tr","p":{"a":0,"k":[121.967,99.037],"ix":2},"a":{"a":0,"k":[0,0],"ix":1},"s":{"a":0,"k":[100,100],"ix":3},"r":{"a":0,"k":0,"ix":6},"o":{"a":0,"k":100,"ix":7},"sk":{"a":0,"k":0,"ix":4},"sa":{"a":0,"k":0,"ix":5},"nm":"Transform"}],"nm":"Group 1","np":2,"cix":2,"bm":0,"ix":1,"mn":"ADBE Vector Group","hd":false}],"ip":0,"op":301,"st":0,"bm":0,"completed":true}]},{"id":"comp_2","layers":[{"ddd":0,"ind":1,"ty":4,"nm":"Bubble 3/[1-25] Outlines","sr":1,"ks":{"o":{"a":0,"k":100,"ix":11},"r":{"a":0,"k":0,"ix":10},"p":{"a":1,"k":[{"i":{"x":0.833,"y":0.828},"o":{"x":0.333,"y":0},"t":0,"s":[344.5,169,0],"to":[0,0,0],"ti":[-24.5,46,0]},{"i":{"x":0.667,"y":1},"o":{"x":0.167,"y":0.162},"t":28.217,"s":[342.5,89.5,0],"to":[24.5,-46,0],"ti":[6.5,18.5,0]},{"t":60,"s":[348,-7,0]}],"ix":2},"a":{"a":0,"k":[333.5,122.5,0],"ix":1},"s":{"a":1,"k":[{"i":{"x":[0.833,0.833,0.833],"y":[0.833,0.833,0.833]},"o":{"x":[0.167,0.167,0.167],"y":[0.167,0.167,0.167]},"t":0,"s":[0,0,100]},{"i":{"x":[0.833,0.833,0.833],"y":[0.833,0.833,0.833]},"o":{"x":[0.167,0.167,0.167],"y":[0.167,0.167,0.167]},"t":12,"s":[105,105,100]},{"t":23,"s":[100,100,100]}],"ix":6}},"ao":0,"shapes":[{"ty":"gr","it":[{"ind":0,"ty":"sh","ix":1,"ks":{"a":0,"k":{"i":[[4.777,-2.639],[2.638,4.776],[-4.776,2.637],[-2.637,-4.776]],"o":[[4.777,2.637],[-2.637,4.776],[-4.776,-2.639],[2.638,-4.776]],"v":[[4.777,-0.001],[0.001,4.776],[-4.776,-0.001],[0.001,-4.776]],"c":true},"ix":2},"nm":"Path 1","mn":"ADBE Vector Shape - Group","hd":false},{"ty":"fl","c":{"a":0,"k":[0.8912,0.8218,0.4288,1],"ix":4},"o":{"a":0,"k":100,"ix":5},"r":1,"bm":0,"nm":"Fill 1","mn":"ADBE Vector Graphic - Fill","hd":false},{"ty":"tr","p":{"a":0,"k":[333.76,122.886],"ix":2},"a":{"a":0,"k":[0,0],"ix":1},"s":{"a":0,"k":[100,100],"ix":3},"r":{"a":0,"k":0,"ix":6},"o":{"a":0,"k":100,"ix":7},"sk":{"a":0,"k":0,"ix":4},"sa":{"a":0,"k":0,"ix":5},"nm":"Transform"}],"nm":"Group 1","np":2,"cix":2,"bm":0,"ix":1,"mn":"ADBE Vector Group","hd":false}],"ip":0,"op":301,"st":0,"bm":0,"completed":true}]},{"id":"comp_3","layers":[{"ddd":0,"ind":1,"ty":4,"nm":"Bubble 5/[1-25] Outlines","sr":1,"ks":{"o":{"a":0,"k":100,"ix":11},"r":{"a":0,"k":0,"ix":10},"p":{"a":1,"k":[{"i":{"x":0.833,"y":0.808},"o":{"x":0.333,"y":0},"t":0,"s":[406,167,0],"to":[0,0,0],"ti":[21,32.5,0]},{"i":{"x":0.833,"y":0.833},"o":{"x":0.167,"y":0.167},"t":23.545,"s":[401.5,100,0],"to":[-21,-32.5,0],"ti":[-14.5,13.5,0]},{"i":{"x":0.667,"y":1},"o":{"x":0.167,"y":0.199},"t":37.734,"s":[411.5,37.5,0],"to":[14.5,-13.5,0],"ti":[8,4,0]},{"t":60,"s":[400.5,-20.5,0]}],"ix":2},"a":{"a":0,"k":[376.5,95.5,0],"ix":1},"s":{"a":1,"k":[{"i":{"x":[0.833,0.833,0.833],"y":[0.833,0.833,0.833]},"o":{"x":[0.167,0.167,0.167],"y":[0.167,0.167,0.167]},"t":0,"s":[0,0,100]},{"i":{"x":[0.833,0.833,0.833],"y":[0.833,0.833,0.833]},"o":{"x":[0.167,0.167,0.167],"y":[0.167,0.167,0.167]},"t":12,"s":[105,105,100]},{"t":23,"s":[100,100,100]}],"ix":6}},"ao":0,"shapes":[{"ty":"gr","it":[{"ind":0,"ty":"sh","ix":1,"ks":{"a":0,"k":{"i":[[10.776,-5.951],[5.951,10.776],[-10.776,5.952],[-5.952,-10.776]],"o":[[10.776,5.952],[-5.952,10.776],[-10.776,-5.951],[5.951,-10.776]],"v":[[10.776,0],[0,10.776],[-10.776,0],[0,-10.776]],"c":true},"ix":2},"nm":"Path 1","mn":"ADBE Vector Shape - Group","hd":false},{"ty":"fl","c":{"a":0,"k":[0.8912,0.8218,0.4288,1],"ix":4},"o":{"a":0,"k":100,"ix":5},"r":1,"bm":0,"nm":"Fill 1","mn":"ADBE Vector Graphic - Fill","hd":false},{"ty":"tr","p":{"a":0,"k":[376.584,95.88],"ix":2},"a":{"a":0,"k":[0,0],"ix":1},"s":{"a":0,"k":[100,100],"ix":3},"r":{"a":0,"k":0,"ix":6},"o":{"a":0,"k":100,"ix":7},"sk":{"a":0,"k":0,"ix":4},"sa":{"a":0,"k":0,"ix":5},"nm":"Transform"}],"nm":"Group 1","np":2,"cix":2,"bm":0,"ix":1,"mn":"ADBE Vector Group","hd":false}],"ip":0,"op":301,"st":0,"bm":0,"completed":true}]}],"layers":[{"ddd":0,"ind":1,"ty":4,"nm":"Base 1/[1-25] Outlines","sr":1,"ks":{"o":{"a":0,"k":100,"ix":11},"r":{"a":0,"k":0,"ix":10},"p":{"a":1,"k":[{"i":{"x":0.833,"y":0.833},"o":{"x":0.167,"y":0.167},"t":195,"s":[245.5,346.5,0],"to":null,"ti":null},{"i":{"x":0.833,"y":0.833},"o":{"x":0.167,"y":0.167},"t":210,"s":[245.5,354.5,0],"to":null,"ti":null},{"t":220,"s":[245.5,323.5,0]}],"ix":2},"a":{"a":0,"k":[245.5,346.5,0],"ix":1},"s":{"a":1,"k":[{"i":{"x":[0.833,0.833,0.833],"y":[0.833,1,1]},"o":{"x":[0.333,0.333,0.333],"y":[0,0,0]},"t":0,"s":[0,100,100]},{"i":{"x":[0.667,0.667,0.667],"y":[1,1,1]},"o":{"x":[0.167,0.167,0.167],"y":[0.167,0,0]},"t":15,"s":[110,100,100]},{"i":{"x":[0.833,0.833,0.833],"y":[1,1,1]},"o":{"x":[0.167,0.167,0.167],"y":[0,0,0]},"t":25,"s":[100,100,100]},{"i":{"x":[0.833,0.833,0.833],"y":[1,1,1]},"o":{"x":[0.167,0.167,0.167],"y":[0,0,0]},"t":195,"s":[100,100,100]},{"i":{"x":[0.833,0.833,0.833],"y":[1,1,1]},"o":{"x":[0.167,0.167,0.167],"y":[0,0,0]},"t":210,"s":[100,137.674,100]},{"t":220,"s":[100,0,100]}],"ix":6}},"ao":0,"shapes":[{"ty":"gr","it":[{"ind":0,"ty":"sh","ix":1,"ks":{"a":0,"k":{"i":[[-115.217,4.846],[115.216,4.846],[115.216,-4.847],[-115.217,-4.847]],"o":[[-115.217,4.846],[115.216,4.846],[115.216,-4.847],[-115.217,-4.847]],"v":[[-115.217,4.846],[115.216,4.846],[115.216,-4.847],[-115.217,-4.847]],"c":true},"ix":2},"nm":"Path 1","mn":"ADBE Vector Shape - Group","hd":false,"_render":true},{"ind":1,"ty":"sh","ix":2,"ks":{"a":0,"k":{"i":[[124.917,14.547],[-124.916,14.547],[-124.916,-14.546],[124.917,-14.546]],"o":[[124.917,14.547],[-124.916,14.547],[-124.916,-14.546],[124.917,-14.546]],"v":[[124.917,14.547],[-124.916,14.547],[-124.916,-14.546],[124.917,-14.546]],"c":true},"ix":2},"nm":"Path 2","mn":"ADBE Vector Shape - Group","hd":false,"_render":true},{"ty":"mm","mm":1,"nm":"Merge Paths 1","mn":"ADBE Vector Filter - Merge","hd":false,"_render":true},{"ty":"fl","c":{"a":0,"k":[0.174,0.1668,0.126,1],"ix":4},"o":{"a":0,"k":100,"ix":5},"r":1,"bm":0,"nm":"Fill 1","mn":"ADBE Vector Graphic - Fill","hd":false,"_render":true},{"ty":"tr","p":{"a":0,"k":[245.741,337.157],"ix":2},"a":{"a":0,"k":[0,0],"ix":1},"s":{"a":0,"k":[100,100],"ix":3},"r":{"a":0,"k":0,"ix":6},"o":{"a":0,"k":100,"ix":7},"sk":{"a":0,"k":0,"ix":4},"sa":{"a":0,"k":0,"ix":5},"nm":"Transform","_render":true}],"nm":"Group 1","np":4,"cix":2,"bm":0,"ix":1,"mn":"ADBE Vector Group","hd":false,"_render":true},{"ty":"gr","it":[{"ind":0,"ty":"sh","ix":1,"ks":{"a":0,"k":{"i":[[120.067,-9.695],[-120.067,-9.695],[-120.067,9.695],[120.067,9.695]],"o":[[120.067,-9.695],[-120.067,-9.695],[-120.067,9.695],[120.067,9.695]],"v":[[120.067,-9.695],[-120.067,-9.695],[-120.067,9.695],[120.067,9.695]],"c":true},"ix":2},"nm":"Path 1","mn":"ADBE Vector Shape - Group","hd":false,"_render":true},{"ty":"fl","c":{"a":0,"k":[1,1,1,1],"ix":4},"o":{"a":0,"k":100,"ix":5},"r":1,"bm":0,"nm":"Fill 1","mn":"ADBE Vector Graphic - Fill","hd":false,"_render":true},{"ty":"tr","p":{"a":0,"k":[245.741,337.156],"ix":2},"a":{"a":0,"k":[0,0],"ix":1},"s":{"a":0,"k":[100,100],"ix":3},"r":{"a":0,"k":0,"ix":6},"o":{"a":0,"k":100,"ix":7},"sk":{"a":0,"k":0,"ix":4},"sa":{"a":0,"k":0,"ix":5},"nm":"Transform","_render":true}],"nm":"Group 2","np":2,"cix":2,"bm":0,"ix":2,"mn":"ADBE Vector Group","hd":false,"_render":true}],"ip":0,"op":301,"st":0,"bm":0,"completed":true},{"ddd":0,"ind":2,"ty":4,"nm":"Base 2/[1-25] Outlines","sr":1,"ks":{"o":{"a":0,"k":100,"ix":11},"r":{"a":0,"k":0,"ix":10},"p":{"a":1,"k":[{"i":{"x":0.833,"y":0.833},"o":{"x":0.167,"y":0.167},"t":218,"s":[245.5,330.875,0],"to":null,"ti":null},{"t":223,"s":[245.5,312.375,0]}],"ix":2},"a":{"a":0,"k":[245.5,330.875,0],"ix":1},"s":{"a":1,"k":[{"i":{"x":[0.833,0.833,0.833],"y":[0.833,0.833,0.833]},"o":{"x":[0.167,0.167,0.167],"y":[0.167,0.167,0.167]},"t":20,"s":[100,0,100]},{"i":{"x":[0.833,0.833,0.833],"y":[0.833,0.833,0.833]},"o":{"x":[0.167,0.167,0.167],"y":[0.167,0.167,0.167]},"t":34,"s":[100,110,100]},{"i":{"x":[0.833,0.833,0.833],"y":[0.833,0.833,0.833]},"o":{"x":[0.167,0.167,0.167],"y":[0.167,0.167,0.167]},"t":40,"s":[100,100,100]},{"i":{"x":[0.833,0.833,0.833],"y":[0.833,0.833,0.833]},"o":{"x":[0.167,0.167,0.167],"y":[0.167,0.167,0.167]},"t":218,"s":[100,100,100]},{"t":223,"s":[100,0,100]}],"ix":6}},"ao":0,"shapes":[{"ty":"gr","it":[{"ind":0,"ty":"sh","ix":1,"ks":{"a":0,"k":{"i":[[-99.947,3.617],[99.947,3.617],[99.947,-3.616],[-99.947,-3.616]],"o":[[-99.947,3.617],[99.947,3.617],[99.947,-3.616],[-99.947,-3.616]],"v":[[-99.947,3.617],[99.947,3.617],[99.947,-3.616],[-99.947,-3.616]],"c":true},"ix":2},"nm":"Path 1","mn":"ADBE Vector Shape - Group","hd":false,"_render":true},{"ind":1,"ty":"sh","ix":2,"ks":{"a":0,"k":{"i":[[109.647,13.317],[-109.647,13.317],[-109.647,-13.317],[109.647,-13.317]],"o":[[109.647,13.317],[-109.647,13.317],[-109.647,-13.317],[109.647,-13.317]],"v":[[109.647,13.317],[-109.647,13.317],[-109.647,-13.317],[109.647,-13.317]],"c":true},"ix":2},"nm":"Path 2","mn":"ADBE Vector Shape - Group","hd":false,"_render":true},{"ty":"mm","mm":1,"nm":"Merge Paths 1","mn":"ADBE Vector Filter - Merge","hd":false,"_render":true},{"ty":"fl","c":{"a":0,"k":[0.174,0.1668,0.126,1],"ix":4},"o":{"a":0,"k":100,"ix":5},"r":1,"bm":0,"nm":"Fill 1","mn":"ADBE Vector Graphic - Fill","hd":false,"_render":true},{"ty":"tr","p":{"a":0,"k":[245.75,321.248],"ix":2},"a":{"a":0,"k":[0,0],"ix":1},"s":{"a":0,"k":[100,100],"ix":3},"r":{"a":0,"k":0,"ix":6},"o":{"a":0,"k":100,"ix":7},"sk":{"a":0,"k":0,"ix":4},"sa":{"a":0,"k":0,"ix":5},"nm":"Transform","_render":true}],"nm":"Group 1","np":4,"cix":2,"bm":0,"ix":1,"mn":"ADBE Vector Group","hd":false,"_render":true},{"ty":"gr","it":[{"ind":0,"ty":"sh","ix":1,"ks":{"a":0,"k":{"i":[[104.797,-8.467],[-104.797,-8.467],[-104.797,8.467],[104.797,8.467]],"o":[[104.797,-8.467],[-104.797,-8.467],[-104.797,8.467],[104.797,8.467]],"v":[[104.797,-8.467],[-104.797,-8.467],[-104.797,8.467],[104.797,8.467]],"c":true},"ix":2},"nm":"Path 1","mn":"ADBE Vector Shape - Group","hd":false,"_render":true},{"ty":"fl","c":{"a":0,"k":[0.969,0.9483,0.831,1],"ix":4},"o":{"a":0,"k":100,"ix":5},"r":1,"bm":0,"nm":"Fill 1","mn":"ADBE Vector Graphic - Fill","hd":false,"_render":true},{"ty":"tr","p":{"a":0,"k":[245.75,321.248],"ix":2},"a":{"a":0,"k":[0,0],"ix":1},"s":{"a":0,"k":[100,100],"ix":3},"r":{"a":0,"k":0,"ix":6},"o":{"a":0,"k":100,"ix":7},"sk":{"a":0,"k":0,"ix":4},"sa":{"a":0,"k":0,"ix":5},"nm":"Transform","_render":true}],"nm":"Group 2","np":2,"cix":2,"bm":0,"ix":2,"mn":"ADBE Vector Group","hd":false,"_render":true}],"ip":0,"op":301,"st":0,"bm":0,"completed":true},{"ddd":0,"ind":3,"ty":4,"nm":"Base Top/[1-25] Outlines","sr":1,"ks":{"o":{"a":0,"k":100,"ix":11},"r":{"a":0,"k":0,"ix":10},"p":{"a":0,"k":[244.25,189.562,0],"ix":2},"a":{"a":0,"k":[244.25,189.562,0],"ix":1},"s":{"a":1,"k":[{"i":{"x":[0.833,0.833,0.833],"y":[0.833,0.833,0.833]},"o":{"x":[0.167,0.167,0.167],"y":[0.167,0.167,0.167]},"t":47,"s":[0,100,100]},{"i":{"x":[0.833,0.833,0.833],"y":[0.833,0.833,0.833]},"o":{"x":[0.167,0.167,0.167],"y":[0.167,0.167,0.167]},"t":59,"s":[110,100,100]},{"i":{"x":[0.833,0.833,0.833],"y":[0.833,0.833,0.833]},"o":{"x":[0.167,0.167,0.167],"y":[0.167,0.167,0.167]},"t":66,"s":[100,100,100]},{"i":{"x":[0.833,0.833,0.833],"y":[0.833,0.833,0.833]},"o":{"x":[0.167,0.167,0.167],"y":[0.167,0.167,0.167]},"t":218,"s":[100,100,100]},{"t":223,"s":[100,0,100]}],"ix":6}},"ao":0,"shapes":[{"ty":"gr","it":[{"ind":0,"ty":"sh","ix":1,"ks":{"a":0,"k":{"i":[[-112.228,2.67],[112.229,2.67],[112.229,-2.669],[-112.228,-2.669]],"o":[[-112.228,2.67],[112.229,2.67],[112.229,-2.669],[-112.228,-2.669]],"v":[[-112.228,2.67],[112.229,2.67],[112.229,-2.669],[-112.228,-2.669]],"c":true},"ix":2},"nm":"Path 1","mn":"ADBE Vector Shape - Group","hd":false,"_render":true},{"ind":1,"ty":"sh","ix":2,"ks":{"a":0,"k":{"i":[[121.928,12.37],[-121.928,12.37],[-121.928,-12.37],[121.928,-12.37]],"o":[[121.928,12.37],[-121.928,12.37],[-121.928,-12.37],[121.928,-12.37]],"v":[[121.928,12.37],[-121.928,12.37],[-121.928,-12.37],[121.928,-12.37]],"c":true},"ix":2},"nm":"Path 2","mn":"ADBE Vector Shape - Group","hd":false,"_render":true},{"ty":"mm","mm":1,"nm":"Merge Paths 1","mn":"ADBE Vector Filter - Merge","hd":false,"_render":true},{"ty":"fl","c":{"a":0,"k":[0.174,0.1668,0.126,1],"ix":4},"o":{"a":0,"k":100,"ix":5},"r":1,"bm":0,"nm":"Fill 1","mn":"ADBE Vector Graphic - Fill","hd":false,"_render":true},{"ty":"tr","p":{"a":0,"k":[244.049,178.862],"ix":2},"a":{"a":0,"k":[0,0],"ix":1},"s":{"a":0,"k":[100,100],"ix":3},"r":{"a":0,"k":0,"ix":6},"o":{"a":0,"k":100,"ix":7},"sk":{"a":0,"k":0,"ix":4},"sa":{"a":0,"k":0,"ix":5},"nm":"Transform","_render":true}],"nm":"Group 1","np":4,"cix":2,"bm":0,"ix":1,"mn":"ADBE Vector Group","hd":false,"_render":true},{"ty":"gr","it":[{"ind":0,"ty":"sh","ix":1,"ks":{"a":0,"k":{"i":[[117.077,-7.519],[-117.077,-7.519],[-117.077,7.519],[117.077,7.519]],"o":[[117.077,-7.519],[-117.077,-7.519],[-117.077,7.519],[117.077,7.519]],"v":[[117.077,-7.519],[-117.077,-7.519],[-117.077,7.519],[117.077,7.519]],"c":true},"ix":2},"nm":"Path 1","mn":"ADBE Vector Shape - Group","hd":false,"_render":true},{"ty":"fl","c":{"a":0,"k":[1,1,1,1],"ix":4},"o":{"a":0,"k":100,"ix":5},"r":1,"bm":0,"nm":"Fill 1","mn":"ADBE Vector Graphic - Fill","hd":false,"_render":true},{"ty":"tr","p":{"a":0,"k":[244.05,178.862],"ix":2},"a":{"a":0,"k":[0,0],"ix":1},"s":{"a":0,"k":[100,100],"ix":3},"r":{"a":0,"k":0,"ix":6},"o":{"a":0,"k":100,"ix":7},"sk":{"a":0,"k":0,"ix":4},"sa":{"a":0,"k":0,"ix":5},"nm":"Transform","_render":true}],"nm":"Group 2","np":2,"cix":2,"bm":0,"ix":2,"mn":"ADBE Vector Group","hd":false,"_render":true}],"ip":0,"op":301,"st":0,"bm":0,"completed":true},{"ddd":0,"ind":4,"ty":4,"nm":"Pillar R/[1-25] Outlines","sr":1,"ks":{"o":{"a":0,"k":100,"ix":11},"r":{"a":0,"k":0,"ix":10},"p":{"a":1,"k":[{"i":{"x":0.833,"y":0.833},"o":{"x":0.167,"y":0.167},"t":220,"s":[332.125,318.5,0],"to":null,"ti":null},{"i":{"x":0.833,"y":0.833},"o":{"x":0.167,"y":0.167},"t":228,"s":[332.125,278.506,0],"to":[0,-10.798,0],"ti":[0,0,0]},{"t":235,"s":[245.625,278.506,0]}],"ix":2},"a":{"a":0,"k":[332.125,318.5,0],"ix":1},"s":{"a":1,"k":[{"i":{"x":[0.833,0.833,0.833],"y":[0.833,0.833,0.833]},"o":{"x":[0.167,0.167,0.167],"y":[0.167,0.167,0.167]},"t":34,"s":[100,0,100]},{"i":{"x":[0.833,0.833,0.833],"y":[0.833,0.833,0.833]},"o":{"x":[0.167,0.167,0.167],"y":[0.167,0.167,0.167]},"t":47,"s":[100,110,100]},{"i":{"x":[0.833,0.833,0.833],"y":[0.833,0.833,0.833]},"o":{"x":[0.167,0.167,0.167],"y":[0.167,0.167,0.167]},"t":53,"s":[100,100,100]},{"i":{"x":[0.833,0.833,0.833],"y":[0.833,0.833,0.833]},"o":{"x":[0.167,0.167,0.167],"y":[0.167,0.167,0.167]},"t":220,"s":[100,100,100]},{"i":{"x":[0.833,0.833,0.833],"y":[0.833,0.833,0.833]},"o":{"x":[0.167,0.167,0.167],"y":[0.167,0.167,0.167]},"t":228,"s":[100,38.462,100]},{"t":235,"s":[0,38.462,100]}],"ix":6}},"ao":0,"shapes":[{"ty":"gr","it":[{"ind":0,"ty":"sh","ix":1,"ks":{"a":0,"k":{"i":[[-4.061,60.068999999999996],[3.915,60.473],[4.206,59.447],[4.206,-60.474],[-4.206,-60.474],[-4.206,58.619]],"o":[[-3.919,60.473],[4.06,60.068999999999996],[4.206,58.619],[4.206,-60.474],[-4.206,-60.474],[-4.206,59.447]],"v":[[-3.919,60.473],[3.915,60.473],[4.206,58.619],[4.206,-60.474],[-4.206,-60.474],[-4.206,58.619]],"c":true},"ix":2},"nm":"Path 1","mn":"ADBE Vector Shape - Group","hd":false,"_render":true},{"ind":1,"ty":"sh","ix":2,"ks":{"a":0,"k":{"i":[[10.133,70.173],[-5.131,70.173],[-13.906,65.205],[-13.906,-70.173],[13.906,-70.173],[13.906,58.619]],"o":[[5.127,70.173],[-10.133,70.173],[-13.906,58.619],[-13.906,-70.173],[13.906,-70.173],[13.906,65.205]],"v":[[5.127,70.173],[-5.131,70.173],[-13.906,58.619],[-13.906,-70.173],[13.906,-70.173],[13.906,58.619]],"c":true},"ix":2},"nm":"Path 2","mn":"ADBE Vector Shape - Group","hd":false,"_render":true},{"ty":"mm","mm":1,"nm":"Merge Paths 1","mn":"ADBE Vector Filter - Merge","hd":false,"_render":true},{"ty":"fl","c":{"a":0,"k":[0.174,0.1668,0.126,1],"ix":4},"o":{"a":0,"k":100,"ix":5},"r":1,"bm":0,"nm":"Fill 1","mn":"ADBE Vector Graphic - Fill","hd":false,"_render":true},{"ty":"tr","p":{"a":0,"k":[331.949,253.303],"ix":2},"a":{"a":0,"k":[0,0],"ix":1},"s":{"a":0,"k":[100,100],"ix":3},"r":{"a":0,"k":0,"ix":6},"o":{"a":0,"k":100,"ix":7},"sk":{"a":0,"k":0,"ix":4},"sa":{"a":0,"k":0,"ix":5},"nm":"Transform","_render":true}],"nm":"Group 1","np":4,"cix":2,"bm":0,"ix":1,"mn":"ADBE Vector Group","hd":false,"_render":true},{"ty":"gr","it":[{"ind":0,"ty":"sh","ix":1,"ks":{"a":0,"k":{"i":[[7.295,65.324],[-5.129,65.324],[-9.056,62.328],[-9.056,-65.324],[9.056,-65.324],[9.056,58.619]],"o":[[5.129,65.324],[-7.303999999999999,65.324],[-9.056,58.619],[-9.056,-65.324],[9.056,-65.324],[9.056,62.328]],"v":[[5.129,65.324],[-5.129,65.324],[-9.056,58.619],[-9.056,-65.324],[9.056,-65.324],[9.056,58.619]],"c":true},"ix":2},"nm":"Path 1","mn":"ADBE Vector Shape - Group","hd":false,"_render":true},{"ty":"fl","c":{"a":0,"k":[0.9391,0.8944,0.6409,1],"ix":4},"o":{"a":0,"k":100,"ix":5},"r":1,"bm":0,"nm":"Fill 1","mn":"ADBE Vector Graphic - Fill","hd":false,"_render":true},{"ty":"tr","p":{"a":0,"k":[331.948,253.302],"ix":2},"a":{"a":0,"k":[0,0],"ix":1},"s":{"a":0,"k":[100,100],"ix":3},"r":{"a":0,"k":0,"ix":6},"o":{"a":0,"k":100,"ix":7},"sk":{"a":0,"k":0,"ix":4},"sa":{"a":0,"k":0,"ix":5},"nm":"Transform","_render":true}],"nm":"Group 2","np":2,"cix":2,"bm":0,"ix":2,"mn":"ADBE Vector Group","hd":false,"_render":true}],"ip":0,"op":301,"st":0,"bm":0,"completed":true},{"ddd":0,"ind":5,"ty":4,"nm":"Pillar M/[1-25] Outlines","sr":1,"ks":{"o":{"a":0,"k":100,"ix":11},"r":{"a":0,"k":0,"ix":10},"p":{"a":1,"k":[{"i":{"x":0.833,"y":0.833},"o":{"x":0.167,"y":0.167},"t":220,"s":[244.5,318.5,0],"to":null,"ti":null},{"t":228,"s":[244.5,278.506,0]}],"ix":2},"a":{"a":0,"k":[244.5,318.5,0],"ix":1},"s":{"a":1,"k":[{"i":{"x":[0.833,0.833,0.833],"y":[0.833,0.833,0.833]},"o":{"x":[0.167,0.167,0.167],"y":[0.167,0.167,0.167]},"t":34,"s":[100,0,100]},{"i":{"x":[0.833,0.833,0.833],"y":[0.833,0.833,0.833]},"o":{"x":[0.167,0.167,0.167],"y":[0.167,0.167,0.167]},"t":47,"s":[100,110,100]},{"i":{"x":[0.833,0.833,0.833],"y":[0.833,0.833,0.833]},"o":{"x":[0.167,0.167,0.167],"y":[0.167,0.167,0.167]},"t":53,"s":[100,100,100]},{"i":{"x":[0.833,0.833,0.833],"y":[0.833,0.833,0.833]},"o":{"x":[0.167,0.167,0.167],"y":[0.167,0.167,0.167]},"t":220,"s":[100,100,100]},{"i":{"x":[0.833,0.833,0.833],"y":[0.833,0.833,0.833]},"o":{"x":[0.167,0.167,0.167],"y":[0.167,0.167,0.167]},"t":228,"s":[100,38.462,100]},{"t":235,"s":[0,38.462,100]}],"ix":6}},"ao":0,"shapes":[{"ty":"gr","it":[{"ind":0,"ty":"sh","ix":1,"ks":{"a":0,"k":{"i":[[-4.0600000000000005,60.068999999999996],[3.919,60.473],[4.207,59.447],[4.207,-60.474],[-4.205,-60.474],[-4.205,58.619]],"o":[[-3.918,60.473],[4.061,60.068999999999996],[4.207,58.619],[4.207,-60.474],[-4.205,-60.474],[-4.205,59.447]],"v":[[-3.918,60.473],[3.919,60.473],[4.207,58.619],[4.207,-60.474],[-4.205,-60.474],[-4.205,58.619]],"c":true},"ix":2},"nm":"Path 1","mn":"ADBE Vector Shape - Group","hd":false,"_render":true},{"ind":1,"ty":"sh","ix":2,"ks":{"a":0,"k":{"i":[[10.134,70.173],[-5.128,70.173],[-13.906,65.205],[-13.906,-70.173],[13.905,-70.173],[13.905,58.619]],"o":[[5.131,70.173],[-10.133,70.173],[-13.906,58.619],[-13.906,-70.173],[13.905,-70.173],[13.905,65.205]],"v":[[5.131,70.173],[-5.128,70.173],[-13.906,58.619],[-13.906,-70.173],[13.905,-70.173],[13.905,58.619]],"c":true},"ix":2},"nm":"Path 2","mn":"ADBE Vector Shape - Group","hd":false,"_render":true},{"ty":"mm","mm":1,"nm":"Merge Paths 1","mn":"ADBE Vector Filter - Merge","hd":false,"_render":true},{"ty":"fl","c":{"a":0,"k":[0.174,0.1668,0.126,1],"ix":4},"o":{"a":0,"k":100,"ix":5},"r":1,"bm":0,"nm":"Fill 1","mn":"ADBE Vector Graphic - Fill","hd":false,"_render":true},{"ty":"tr","p":{"a":0,"k":[244.681,253.303],"ix":2},"a":{"a":0,"k":[0,0],"ix":1},"s":{"a":0,"k":[100,100],"ix":3},"r":{"a":0,"k":0,"ix":6},"o":{"a":0,"k":100,"ix":7},"sk":{"a":0,"k":0,"ix":4},"sa":{"a":0,"k":0,"ix":5},"nm":"Transform","_render":true}],"nm":"Group 1","np":4,"cix":2,"bm":0,"ix":1,"mn":"ADBE Vector Group","hd":false,"_render":true},{"ty":"gr","it":[{"ind":0,"ty":"sh","ix":1,"ks":{"a":0,"k":{"i":[[7.295999999999999,65.324],[-5.129,65.324],[-9.056,62.328],[-9.056,-65.324],[9.056,-65.324],[9.056,58.619]],"o":[[5.129,65.324],[-7.302999999999999,65.324],[-9.056,58.619],[-9.056,-65.324],[9.056,-65.324],[9.056,62.328]],"v":[[5.129,65.324],[-5.129,65.324],[-9.056,58.619],[-9.056,-65.324],[9.056,-65.324],[9.056,58.619]],"c":true},"ix":2},"nm":"Path 1","mn":"ADBE Vector Shape - Group","hd":false,"_render":true},{"ty":"fl","c":{"a":0,"k":[0.9391,0.8944,0.6409,1],"ix":4},"o":{"a":0,"k":100,"ix":5},"r":1,"bm":0,"nm":"Fill 1","mn":"ADBE Vector Graphic - Fill","hd":false,"_render":true},{"ty":"tr","p":{"a":0,"k":[244.682,253.302],"ix":2},"a":{"a":0,"k":[0,0],"ix":1},"s":{"a":0,"k":[100,100],"ix":3},"r":{"a":0,"k":0,"ix":6},"o":{"a":0,"k":100,"ix":7},"sk":{"a":0,"k":0,"ix":4},"sa":{"a":0,"k":0,"ix":5},"nm":"Transform","_render":true}],"nm":"Group 2","np":2,"cix":2,"bm":0,"ix":2,"mn":"ADBE Vector Group","hd":false,"_render":true}],"ip":0,"op":301,"st":0,"bm":0,"completed":true},{"ddd":0,"ind":6,"ty":4,"nm":"Pillar L/[1-25] Outlines","sr":1,"ks":{"o":{"a":0,"k":100,"ix":11},"r":{"a":0,"k":0,"ix":10},"p":{"a":1,"k":[{"i":{"x":0.833,"y":0.833},"o":{"x":0.167,"y":0.167},"t":220,"s":[157.438,318.562,0],"to":null,"ti":null},{"i":{"x":0.833,"y":0.833},"o":{"x":0.167,"y":0.167},"t":228,"s":[157.438,278.568,0],"to":[0,-10.798,0],"ti":[0,0,0]},{"t":235,"s":[245.188,278.568,0]}],"ix":2},"a":{"a":0,"k":[157.438,318.562,0],"ix":1},"s":{"a":1,"k":[{"i":{"x":[0.833,0.833,0.833],"y":[0.833,0.833,0.833]},"o":{"x":[0.167,0.167,0.167],"y":[0.167,0.167,0.167]},"t":34,"s":[100,0,100]},{"i":{"x":[0.833,0.833,0.833],"y":[0.833,0.833,0.833]},"o":{"x":[0.167,0.167,0.167],"y":[0.167,0.167,0.167]},"t":47,"s":[100,110,100]},{"i":{"x":[0.833,0.833,0.833],"y":[0.833,0.833,0.833]},"o":{"x":[0.167,0.167,0.167],"y":[0.167,0.167,0.167]},"t":53,"s":[100,100,100]},{"i":{"x":[0.833,0.833,0.833],"y":[0.833,0.833,0.833]},"o":{"x":[0.167,0.167,0.167],"y":[0.167,0.167,0.167]},"t":220,"s":[100,100,100]},{"i":{"x":[0.833,0.833,0.833],"y":[0.833,0.833,0.833]},"o":{"x":[0.167,0.167,0.167],"y":[0.167,0.167,0.167]},"t":228,"s":[100,38.462,100]},{"t":235,"s":[0,38.462,100]}],"ix":6}},"ao":0,"shapes":[{"ty":"gr","it":[{"ind":0,"ty":"sh","ix":1,"ks":{"a":0,"k":{"i":[[-4.061,60.068999999999996],[3.915,60.473],[4.206,59.447],[4.206,-60.474],[-4.206,-60.474],[-4.206,58.619]],"o":[[-3.918,60.473],[4.061,60.068999999999996],[4.206,58.619],[4.206,-60.474],[-4.206,-60.474],[-4.206,59.447]],"v":[[-3.918,60.473],[3.915,60.473],[4.206,58.619],[4.206,-60.474],[-4.206,-60.474],[-4.206,58.619]],"c":true},"ix":2},"nm":"Path 1","mn":"ADBE Vector Shape - Group","hd":false,"_render":true},{"ind":1,"ty":"sh","ix":2,"ks":{"a":0,"k":{"i":[[10.132,70.173],[-5.13,70.173],[-13.906,65.205],[-13.906,-70.173],[13.906,-70.173],[13.906,58.619]],"o":[[5.128,70.173],[-10.132,70.173],[-13.906,58.619],[-13.906,-70.173],[13.906,-70.173],[13.906,65.205]],"v":[[5.128,70.173],[-5.13,70.173],[-13.906,58.619],[-13.906,-70.173],[13.906,-70.173],[13.906,58.619]],"c":true},"ix":2},"nm":"Path 2","mn":"ADBE Vector Shape - Group","hd":false,"_render":true},{"ty":"mm","mm":1,"nm":"Merge Paths 1","mn":"ADBE Vector Filter - Merge","hd":false,"_render":true},{"ty":"fl","c":{"a":0,"k":[0.174,0.1668,0.126,1],"ix":4},"o":{"a":0,"k":100,"ix":5},"r":1,"bm":0,"nm":"Fill 1","mn":"ADBE Vector Graphic - Fill","hd":false,"_render":true},{"ty":"tr","p":{"a":0,"k":[157.416,253.303],"ix":2},"a":{"a":0,"k":[0,0],"ix":1},"s":{"a":0,"k":[100,100],"ix":3},"r":{"a":0,"k":0,"ix":6},"o":{"a":0,"k":100,"ix":7},"sk":{"a":0,"k":0,"ix":4},"sa":{"a":0,"k":0,"ix":5},"nm":"Transform","_render":true}],"nm":"Group 1","np":4,"cix":2,"bm":0,"ix":1,"mn":"ADBE Vector Group","hd":false,"_render":true},{"ty":"gr","it":[{"ind":0,"ty":"sh","ix":1,"ks":{"a":0,"k":{"i":[[7.295999999999999,65.324],[-5.129,65.324],[-9.055,62.328],[-9.055,-65.324],[9.056,-65.324],[9.056,58.619]],"o":[[5.13,65.324],[-7.302999999999999,65.324],[-9.055,58.619],[-9.055,-65.324],[9.056,-65.324],[9.056,62.328]],"v":[[5.13,65.324],[-5.129,65.324],[-9.055,58.619],[-9.055,-65.324],[9.056,-65.324],[9.056,58.619]],"c":true},"ix":2},"nm":"Path 1","mn":"ADBE Vector Shape - Group","hd":false,"_render":true},{"ty":"fl","c":{"a":0,"k":[0.9391,0.8944,0.6409,1],"ix":4},"o":{"a":0,"k":100,"ix":5},"r":1,"bm":0,"nm":"Fill 1","mn":"ADBE Vector Graphic - Fill","hd":false,"_render":true},{"ty":"tr","p":{"a":0,"k":[157.416,253.302],"ix":2},"a":{"a":0,"k":[0,0],"ix":1},"s":{"a":0,"k":[100,100],"ix":3},"r":{"a":0,"k":0,"ix":6},"o":{"a":0,"k":100,"ix":7},"sk":{"a":0,"k":0,"ix":4},"sa":{"a":0,"k":0,"ix":5},"nm":"Transform","_render":true}],"nm":"Group 2","np":2,"cix":2,"bm":0,"ix":2,"mn":"ADBE Vector Group","hd":false,"_render":true}],"ip":0,"op":301,"st":0,"bm":0,"completed":true},{"ddd":0,"ind":7,"ty":4,"nm":"Door/[1-25] Outlines","sr":1,"ks":{"o":{"a":1,"k":[{"i":{"x":[0.833],"y":[0.833]},"o":{"x":[0.167],"y":[0.167]},"t":59,"s":[0]},{"t":71,"s":[100]}],"ix":11},"r":{"a":0,"k":0,"ix":10},"p":{"a":0,"k":[250,250,0],"ix":2},"a":{"a":0,"k":[250,250,0],"ix":1},"s":{"a":1,"k":[{"i":{"x":[0.833,0.833,0.833],"y":[0.833,0.833,0.833]},"o":{"x":[0.167,0.167,0.167],"y":[0.167,0.167,0.167]},"t":220,"s":[100,100,100]},{"i":{"x":[0.833,0.833,0.833],"y":[0.833,0.833,0.833]},"o":{"x":[0.167,0.167,0.167],"y":[0.167,0.167,0.167]},"t":228,"s":[100,38.462,100]},{"t":235,"s":[0,38.462,100]}],"ix":6}},"ao":0,"shapes":[{"ty":"gr","it":[{"ind":0,"ty":"sh","ix":1,"ks":{"a":0,"k":{"i":[[65.483,59.44],[83.323,59.44],[83.323,-59.441],[-83.322,-59.441],[-83.322,59.44],[-67.585,59.44],[-67.585,-6.739],[-57.07,-30.808],[-20.702,-20.01],[-20.702,59.44],[18.6,59.44],[18.6,-6.739],[29.115000000000002,-30.808],[65.483,-20.01]],"o":[[65.483,59.44],[83.323,59.44],[83.323,-59.441],[-83.322,-59.441],[-83.322,59.44],[-67.585,59.44],[-67.585,-20.01],[-31.216,-30.808],[-20.702,-6.739],[-20.702,59.44],[18.6,59.44],[18.6,-20.01],[54.968,-30.808],[65.483,-6.739]],"v":[[65.483,59.44],[83.323,59.44],[83.323,-59.441],[-83.322,-59.441],[-83.322,59.44],[-67.585,59.44],[-67.585,-6.739],[-44.143,-30.808],[-20.702,-6.739],[-20.702,59.44],[18.6,59.44],[18.6,-6.739],[42.042,-30.808],[65.483,-6.739]],"c":true},"ix":2},"nm":"Path 1","mn":"ADBE Vector Shape - Group","hd":false,"_render":true},{"ind":1,"ty":"sh","ix":2,"ks":{"a":0,"k":{"i":[[93.022,69.14],[55.784,69.14],[55.784,-6.739],[49.620000000000005,-21.109],[28.299,-14.661],[28.299,69.14],[-30.402,69.14],[-30.402,-6.739],[-36.565,-21.109],[-57.885,-14.661],[-57.885,69.14],[-93.022,69.14],[-93.022,-69.14],[93.022,-69.14]],"o":[[93.022,69.14],[55.784,69.14],[55.784,-14.661],[34.463,-21.109],[28.299,-6.739],[28.299,69.14],[-30.402,69.14],[-30.402,-14.661],[-51.721000000000004,-21.109],[-57.885,-6.739],[-57.885,69.14],[-93.022,69.14],[-93.022,-69.14],[93.022,-69.14]],"v":[[93.022,69.14],[55.784,69.14],[55.784,-6.739],[42.042,-21.109],[28.299,-6.739],[28.299,69.14],[-30.402,69.14],[-30.402,-6.739],[-44.143,-21.109],[-57.885,-6.739],[-57.885,69.14],[-93.022,69.14],[-93.022,-69.14],[93.022,-69.14]],"c":true},"ix":2},"nm":"Path 2","mn":"ADBE Vector Shape - Group","hd":false,"_render":true},{"ty":"mm","mm":1,"nm":"Merge Paths 1","mn":"ADBE Vector Filter - Merge","hd":false,"_render":true},{"ty":"fl","c":{"a":0,"k":[0.174,0.1668,0.126,1],"ix":4},"o":{"a":0,"k":100,"ix":5},"r":1,"bm":0,"nm":"Fill 1","mn":"ADBE Vector Graphic - Fill","hd":false,"_render":true},{"ty":"tr","p":{"a":0,"k":[245.588,248.491],"ix":2},"a":{"a":0,"k":[0,0],"ix":1},"s":{"a":0,"k":[100,100],"ix":3},"r":{"a":0,"k":0,"ix":6},"o":{"a":0,"k":100,"ix":7},"sk":{"a":0,"k":0,"ix":4},"sa":{"a":0,"k":0,"ix":5},"nm":"Transform","_render":true}],"nm":"Group 1","np":4,"cix":2,"bm":0,"ix":1,"mn":"ADBE Vector Group","hd":false,"_render":true},{"ty":"gr","it":[{"ind":0,"ty":"sh","ix":1,"ks":{"a":0,"k":{"i":[[-88.173,-64.291],[-88.173,64.291],[-62.736,64.291],[-62.736,-6.738],[-54.370000000000005,-25.958],[-25.553,-17.309],[-25.553,64.291],[23.448,64.291],[23.448,-6.738],[31.814,-25.958],[60.632,-17.309],[60.632,64.291],[88.172,64.291],[88.172,-64.291]],"o":[[-88.173,-64.291],[-88.173,64.291],[-62.736,64.291],[-62.736,-17.309],[-33.92,-25.958],[-25.553,-6.738],[-25.553,64.291],[23.448,64.291],[23.448,-17.309],[52.265,-25.958],[60.632,-6.738],[60.632,64.291],[88.172,64.291],[88.172,-64.291]],"v":[[-88.173,-64.291],[-88.173,64.291],[-62.736,64.291],[-62.736,-6.738],[-44.145,-25.958],[-25.553,-6.738],[-25.553,64.291],[23.448,64.291],[23.448,-6.738],[42.04,-25.958],[60.632,-6.738],[60.632,64.291],[88.172,64.291],[88.172,-64.291]],"c":true},"ix":2},"nm":"Path 1","mn":"ADBE Vector Shape - Group","hd":false,"_render":true},{"ty":"fl","c":{"a":0,"k":[1,1,1,1],"ix":4},"o":{"a":0,"k":100,"ix":5},"r":1,"bm":0,"nm":"Fill 1","mn":"ADBE Vector Graphic - Fill","hd":false,"_render":true},{"ty":"tr","p":{"a":0,"k":[245.588,248.49],"ix":2},"a":{"a":0,"k":[0,0],"ix":1},"s":{"a":0,"k":[100,100],"ix":3},"r":{"a":0,"k":0,"ix":6},"o":{"a":0,"k":100,"ix":7},"sk":{"a":0,"k":0,"ix":4},"sa":{"a":0,"k":0,"ix":5},"nm":"Transform","_render":true}],"nm":"Group 2","np":2,"cix":2,"bm":0,"ix":2,"mn":"ADBE Vector Group","hd":false,"_render":true}],"ip":0,"op":301,"st":0,"bm":0,"completed":true},{"ddd":0,"ind":8,"ty":4,"nm":"Shape Layer 1","td":1,"sr":1,"ks":{"o":{"a":0,"k":100,"ix":11},"r":{"a":0,"k":0,"ix":10},"p":{"a":0,"k":[250,250,0],"ix":2},"a":{"a":0,"k":[0,0,0],"ix":1},"s":{"a":1,"k":[{"i":{"x":[0.833,0.833,0.833],"y":[0.833,0.833,0.833]},"o":{"x":[0.167,0.167,0.167],"y":[0.167,0.167,0.167]},"t":213,"s":[100,100,100]},{"t":223,"s":[100,0,100]}],"ix":6}},"ao":0,"shapes":[{"ty":"gr","it":[{"ind":0,"ty":"sh","ix":1,"ks":{"a":0,"k":{"i":[[71.792,-109.125],[62.25,-94.286],[80.944,-83.593],[109.375,-83.375]],"o":[[71.792,-109.125],[62.25,-94.286],[80.944,-83.593],[109.375,-83.375]],"v":[[71.792,-109.125],[62.25,-94.286],[80.944,-83.593],[109.375,-83.375]],"c":true},"ix":2},"nm":"Path 1","mn":"ADBE Vector Shape - Group","hd":false,"_render":true},{"ty":"fl","c":{"a":0,"k":[0.9608,0.8745,0.4,1],"ix":4},"o":{"a":0,"k":100,"ix":5},"r":1,"bm":0,"nm":"Fill 1","mn":"ADBE Vector Graphic - Fill","hd":false,"_render":true},{"ty":"tr","p":{"a":0,"k":[0,0],"ix":2},"a":{"a":0,"k":[0,0],"ix":1},"s":{"a":0,"k":[100,100],"ix":3},"r":{"a":0,"k":0,"ix":6},"o":{"a":0,"k":100,"ix":7},"sk":{"a":0,"k":0,"ix":4},"sa":{"a":0,"k":0,"ix":5},"nm":"Transform","_render":true}],"nm":"Shape 1","np":3,"cix":2,"bm":0,"ix":1,"mn":"ADBE Vector Group","hd":false,"_render":true}],"ip":0,"op":300,"st":0,"bm":0,"completed":true},{"ddd":0,"ind":9,"ty":4,"nm":"Roof 1/[1-25] Outlines","tt":1,"sr":1,"ks":{"o":{"a":0,"k":100,"ix":11},"r":{"a":0,"k":0,"ix":10},"p":{"a":1,"k":[{"i":{"x":0.833,"y":0.833},"o":{"x":0.167,"y":0.167},"t":77,"s":[393.5,194,0],"to":[-7.125,-4.042,0],"ti":[0,0,0]},{"i":{"x":0.833,"y":0.833},"o":{"x":0.167,"y":0.167},"t":86,"s":[350.75,169.75,0],"to":[0,0,0],"ti":[-0.911,-0.49,0]},{"t":91,"s":[356.219,172.688,0]}],"ix":2},"a":{"a":0,"k":[356.5,172.5,0],"ix":1},"s":{"a":0,"k":[100,100,100],"ix":6}},"ao":0,"shapes":[{"ty":"gr","it":[{"ind":0,"ty":"sh","ix":1,"ks":{"a":0,"k":{"i":[[11.772,12.632],[-16.722,-4.289],[-11.771,-12.632],[16.722,4.29]],"o":[[11.772,12.632],[-16.722,-4.289],[-11.771,-12.632],[16.722,4.29]],"v":[[11.772,12.632],[-16.722,-4.289],[-11.771,-12.632],[16.722,4.29]],"c":true},"ix":2},"nm":"Path 1","mn":"ADBE Vector Shape - Group","hd":false,"_render":true},{"ty":"fl","c":{"a":0,"k":[0.174,0.1668,0.126,1],"ix":4},"o":{"a":0,"k":100,"ix":5},"r":1,"bm":0,"nm":"Fill 1","mn":"ADBE Vector Graphic - Fill","hd":false,"_render":true},{"ty":"tr","p":{"a":0,"k":[343.246,164.672],"ix":2},"a":{"a":0,"k":[0,0],"ix":1},"s":{"a":0,"k":[100,100],"ix":3},"r":{"a":0,"k":0,"ix":6},"o":{"a":0,"k":100,"ix":7},"sk":{"a":0,"k":0,"ix":4},"sa":{"a":0,"k":0,"ix":5},"nm":"Transform","_render":true}],"nm":"Group 1","np":2,"cix":2,"bm":0,"ix":1,"mn":"ADBE Vector Group","hd":false,"_render":true}],"ip":0,"op":301,"st":0,"bm":0,"completed":true},{"ddd":0,"ind":10,"ty":4,"nm":"Shape Layer 2","td":1,"sr":1,"ks":{"o":{"a":0,"k":100,"ix":11},"r":{"a":0,"k":0,"ix":10},"p":{"a":0,"k":[250,250,0],"ix":2},"a":{"a":0,"k":[0,0,0],"ix":1},"s":{"a":1,"k":[{"i":{"x":[0.833,0.833,0.833],"y":[0.833,0.833,0.833]},"o":{"x":[0.167,0.167,0.167],"y":[0.167,0.167,0.167]},"t":213,"s":[100,100,100]},{"t":223,"s":[100,0,100]}],"ix":6}},"ao":0,"shapes":[{"ty":"gr","it":[{"ind":0,"ty":"sh","ix":1,"ks":{"a":0,"k":{"i":[[38.812,-126.25],[29.875,-116.25],[62.688,-94.625],[72.625,-108.312]],"o":[[38.812,-126.25],[29.875,-116.25],[62.688,-94.625],[72.625,-108.312]],"v":[[38.812,-126.25],[29.875,-116.25],[62.688,-94.625],[72.625,-108.312]],"c":true},"ix":2},"nm":"Path 1","mn":"ADBE Vector Shape - Group","hd":false,"_render":true},{"ty":"fl","c":{"a":0,"k":[0.9608,0.8745,0.4,1],"ix":4},"o":{"a":0,"k":100,"ix":5},"r":1,"bm":0,"nm":"Fill 1","mn":"ADBE Vector Graphic - Fill","hd":false,"_render":true},{"ty":"tr","p":{"a":0,"k":[0,0],"ix":2},"a":{"a":0,"k":[0,0],"ix":1},"s":{"a":0,"k":[100,100],"ix":3},"r":{"a":0,"k":0,"ix":6},"o":{"a":0,"k":100,"ix":7},"sk":{"a":0,"k":0,"ix":4},"sa":{"a":0,"k":0,"ix":5},"nm":"Transform","_render":true}],"nm":"Shape 1","np":3,"cix":2,"bm":0,"ix":1,"mn":"ADBE Vector Group","hd":false,"_render":true}],"ip":0,"op":300,"st":0,"bm":0,"completed":true},{"ddd":0,"ind":11,"ty":4,"nm":"Roof 2/[1-25] Outlines","tt":1,"sr":1,"ks":{"o":{"a":0,"k":100,"ix":11},"r":{"a":0,"k":0,"ix":10},"p":{"a":1,"k":[{"i":{"x":0.833,"y":0.833},"o":{"x":0.167,"y":0.167},"t":91,"s":[352.5,169.75,0],"to":[-3.436,-1.997,0],"ti":[0,0,0]},{"i":{"x":0.833,"y":0.833},"o":{"x":0.167,"y":0.167},"t":100,"s":[314.75,147.75,0],"to":[0,0,0],"ti":[2.73,1.587,0]},{"t":105,"s":[315.5,148.25,0]}],"ix":2},"a":{"a":0,"k":[315.5,148.25,0],"ix":1},"s":{"a":0,"k":[100,100,100],"ix":6}},"ao":0,"shapes":[{"ty":"gr","it":[{"ind":0,"ty":"sh","ix":1,"ks":{"a":0,"k":{"i":[[9.231,11.124],[-14.182,-2.781],[-9.231,-11.124],[14.182,2.782]],"o":[[9.231,11.124],[-14.182,-2.781],[-9.231,-11.124],[14.182,2.782]],"v":[[9.231,11.124],[-14.182,-2.781],[-9.231,-11.124],[14.182,2.782]],"c":true},"ix":2},"nm":"Path 1","mn":"ADBE Vector Shape - Group","hd":false,"_render":true},{"ty":"fl","c":{"a":0,"k":[0.174,0.1668,0.126,1],"ix":4},"o":{"a":0,"k":100,"ix":5},"r":1,"bm":0,"nm":"Fill 1","mn":"ADBE Vector Graphic - Fill","hd":false,"_render":true},{"ty":"tr","p":{"a":0,"k":[304.6,141.722],"ix":2},"a":{"a":0,"k":[0,0],"ix":1},"s":{"a":0,"k":[100,100],"ix":3},"r":{"a":0,"k":0,"ix":6},"o":{"a":0,"k":100,"ix":7},"sk":{"a":0,"k":0,"ix":4},"sa":{"a":0,"k":0,"ix":5},"nm":"Transform","_render":true}],"nm":"Group 1","np":2,"cix":2,"bm":0,"ix":1,"mn":"ADBE Vector Group","hd":false,"_render":true}],"ip":0,"op":301,"st":0,"bm":0,"completed":true},{"ddd":0,"ind":12,"ty":4,"nm":"Circle/[1-25] Outlines","sr":1,"ks":{"o":{"a":0,"k":100,"ix":11},"r":{"a":0,"k":0,"ix":10},"p":{"a":1,"k":[{"i":{"x":0.833,"y":0.833},"o":{"x":0.167,"y":0.167},"t":212,"s":[244.5,140,0],"to":null,"ti":null},{"t":220,"s":[244.5,189,0]}],"ix":2},"a":{"a":0,"k":[244.5,140,0],"ix":1},"s":{"a":1,"k":[{"i":{"x":[0.833,0.833,0.833],"y":[0.833,0.833,0.833]},"o":{"x":[0.167,0.167,0.167],"y":[0.167,0.167,0.167]},"t":64,"s":[0,0,100]},{"i":{"x":[0.833,0.833,0.833],"y":[0.833,0.833,0.833]},"o":{"x":[0.167,0.167,0.167],"y":[0.167,0.167,0.167]},"t":75,"s":[110,110,100]},{"i":{"x":[0.833,0.833,0.833],"y":[0.833,0.833,0.833]},"o":{"x":[0.167,0.167,0.167],"y":[0.167,0.167,0.167]},"t":81,"s":[100,100,100]},{"i":{"x":[0.833,0.833,0.833],"y":[0.833,0.833,0.833]},"o":{"x":[0.167,0.167,0.167],"y":[0.167,0.167,0.167]},"t":212,"s":[100,100,100]},{"t":220,"s":[0,0,100]}],"ix":6}},"ao":0,"shapes":[{"ty":"gr","it":[{"ind":0,"ty":"sh","ix":1,"ks":{"a":0,"k":{"i":[[4.869000000000001,-8.822],[-8.822,-4.869000000000001],[-4.8629999999999995,8.822],[8.822,4.8629999999999995]],"o":[[-4.8629999999999995,-8.822],[-8.822,4.8629999999999995],[4.869000000000001,8.822],[8.822,-4.869000000000001]],"v":[[0.006,-8.822],[-8.822,-0.006],[0.006,8.822],[8.822,-0.006]],"c":true},"ix":2},"nm":"Path 1","mn":"ADBE Vector Shape - Group","hd":false,"_render":true},{"ind":1,"ty":"sh","ix":2,"ks":{"a":0,"k":{"i":[[10.214,18.522],[-18.522,10.212],[-10.212,-18.522],[18.522,-10.215]],"o":[[-10.212,18.522],[-18.522,-10.215],[10.214,-18.522],[18.522,10.212]],"v":[[0.006,18.522],[-18.522,-0.006],[0.006,-18.522],[18.522,-0.006]],"c":true},"ix":2},"nm":"Path 2","mn":"ADBE Vector Shape - Group","hd":false,"_render":true},{"ty":"mm","mm":1,"nm":"Merge Paths 1","mn":"ADBE Vector Filter - Merge","hd":false,"_render":true},{"ty":"fl","c":{"a":0,"k":[0.174,0.1668,0.126,1],"ix":4},"o":{"a":0,"k":100,"ix":5},"r":1,"bm":0,"nm":"Fill 1","mn":"ADBE Vector Graphic - Fill","hd":false,"_render":true},{"ty":"tr","p":{"a":0,"k":[244.852,140.579],"ix":2},"a":{"a":0,"k":[0,0],"ix":1},"s":{"a":0,"k":[100,100],"ix":3},"r":{"a":0,"k":0,"ix":6},"o":{"a":0,"k":100,"ix":7},"sk":{"a":0,"k":0,"ix":4},"sa":{"a":0,"k":0,"ix":5},"nm":"Transform","_render":true}],"nm":"Group 1","np":4,"cix":2,"bm":0,"ix":1,"mn":"ADBE Vector Group","hd":false,"_render":true},{"ty":"gr","it":[{"ind":0,"ty":"sh","ix":1,"ks":{"a":0,"k":{"i":[[13.672,-7.553],[7.553,13.672],[-13.672,7.545999999999999],[-7.546,-13.672]],"o":[[13.672,7.545999999999999],[-7.546,13.672],[-13.672,-7.553],[7.553,-13.672]],"v":[[13.672,-0.006],[0.007,13.672],[-13.672,-0.006],[0.007,-13.672]],"c":true},"ix":2},"nm":"Path 1","mn":"ADBE Vector Shape - Group","hd":false,"_render":true},{"ty":"fl","c":{"a":0,"k":[0.8912,0.8218,0.4288,1],"ix":4},"o":{"a":0,"k":100,"ix":5},"r":1,"bm":0,"nm":"Fill 1","mn":"ADBE Vector Graphic - Fill","hd":false,"_render":true},{"ty":"tr","p":{"a":0,"k":[244.852,140.579],"ix":2},"a":{"a":0,"k":[0,0],"ix":1},"s":{"a":0,"k":[100,100],"ix":3},"r":{"a":0,"k":0,"ix":6},"o":{"a":0,"k":100,"ix":7},"sk":{"a":0,"k":0,"ix":4},"sa":{"a":0,"k":0,"ix":5},"nm":"Transform","_render":true}],"nm":"Group 2","np":2,"cix":2,"bm":0,"ix":2,"mn":"ADBE Vector Group","hd":false,"_render":true}],"ip":0,"op":301,"st":0,"bm":0,"completed":true},{"ddd":0,"ind":13,"ty":4,"nm":"Roof/[1-25] Outlines","sr":1,"ks":{"o":{"a":0,"k":100,"ix":11},"r":{"a":0,"k":0,"ix":10},"p":{"a":0,"k":[244.5,171.5,0],"ix":2},"a":{"a":0,"k":[244.5,171.5,0],"ix":1},"s":{"a":1,"k":[{"i":{"x":[0.833,0.833,0.833],"y":[0.833,0.833,0.833]},"o":{"x":[0.167,0.167,0.167],"y":[0.167,0.167,0.167]},"t":59,"s":[100,0,100]},{"i":{"x":[0.833,0.833,0.833],"y":[0.833,0.833,0.833]},"o":{"x":[0.167,0.167,0.167],"y":[0.167,0.167,0.167]},"t":71,"s":[100,110,100]},{"i":{"x":[0.833,0.833,0.833],"y":[0.833,0.833,0.833]},"o":{"x":[0.167,0.167,0.167],"y":[0.167,0.167,0.167]},"t":77,"s":[100,100,100]},{"i":{"x":[0.833,0.833,0.833],"y":[0.833,0.833,0.833]},"o":{"x":[0.167,0.167,0.167],"y":[0.167,0.167,0.167]},"t":195,"s":[100,100,100]},{"i":{"x":[0.833,0.833,0.833],"y":[0.833,0.833,0.833]},"o":{"x":[0.167,0.167,0.167],"y":[0.167,0.167,0.167]},"t":210,"s":[100,120,100]},{"t":220,"s":[100,0,100]}],"ix":6}},"ao":0,"shapes":[{"ty":"gr","it":[{"ind":0,"ty":"sh","ix":1,"ks":{"a":0,"k":{"i":[[-72.871,37.421],[-77.632,28.972],[35.878,-34.945],[46.913,-37.339999999999996],[77.633,-19.096],[72.681,-10.752],[46.297,-26.42],[42.041000000000004,-27.279]],"o":[[-72.871,37.421],[-77.632,28.972],[40.311,-37.421],[51.251,-34.76],[77.633,-19.096],[72.681,-10.752],[44.907999999999994,-27.247],[40.624,-26.486]],"v":[[-72.871,37.421],[-77.632,28.972],[35.878,-34.945],[51.251,-34.76],[77.633,-19.096],[72.681,-10.752],[46.297,-26.42],[40.624,-26.486]],"c":true},"ix":2},"nm":"Path 1","mn":"ADBE Vector Shape - Group","hd":false,"_render":true},{"ty":"fl","c":{"a":0,"k":[0.174,0.1668,0.126,1],"ix":4},"o":{"a":0,"k":100,"ix":5},"r":1,"bm":0,"nm":"Fill 1","mn":"ADBE Vector Graphic - Fill","hd":false,"_render":true},{"ty":"tr","p":{"a":0,"k":[201.305,139.936],"ix":2},"a":{"a":0,"k":[0,0],"ix":1},"s":{"a":0,"k":[100,100],"ix":3},"r":{"a":0,"k":0,"ix":6},"o":{"a":0,"k":100,"ix":7},"sk":{"a":0,"k":0,"ix":4},"sa":{"a":0,"k":0,"ix":5},"nm":"Transform","_render":true}],"nm":"Group 1","np":2,"cix":2,"bm":0,"ix":1,"mn":"ADBE Vector Group","hd":false,"_render":true},{"ty":"gr","it":[{"ind":0,"ty":"sh","ix":1,"ks":{"a":0,"k":{"i":[[-105.356,30.013],[105.357,30.013],[1.252,-30.013]],"o":[[-105.356,30.013],[105.357,30.013],[1.252,-30.013]],"v":[[-105.356,30.013],[105.357,30.013],[1.252,-30.013]],"c":true},"ix":2},"nm":"Path 1","mn":"ADBE Vector Shape - Group","hd":false,"_render":true},{"ty":"fl","c":{"a":0,"k":[0.969,0.9483,0.831,1],"ix":4},"o":{"a":0,"k":100,"ix":5},"r":1,"bm":0,"nm":"Fill 1","mn":"ADBE Vector Graphic - Fill","hd":false,"_render":true},{"ty":"tr","p":{"a":0,"k":[243.607,136.254],"ix":2},"a":{"a":0,"k":[0,0],"ix":1},"s":{"a":0,"k":[100,100],"ix":3},"r":{"a":0,"k":0,"ix":6},"o":{"a":0,"k":100,"ix":7},"sk":{"a":0,"k":0,"ix":4},"sa":{"a":0,"k":0,"ix":5},"nm":"Transform","_render":true}],"nm":"Group 2","np":2,"cix":2,"bm":0,"ix":2,"mn":"ADBE Vector Group","hd":false,"_render":true}],"ip":0,"op":301,"st":0,"bm":0,"completed":true},{"ddd":0,"ind":14,"ty":0,"nm":"Bubble Normal","refId":"comp_0","sr":1,"ks":{"o":{"a":0,"k":100,"ix":11},"r":{"a":0,"k":-13,"ix":10},"p":{"a":0,"k":[116,236,0],"ix":2},"a":{"a":0,"k":[250,250,0],"ix":1},"s":{"a":0,"k":[100,100,100],"ix":6}},"ao":0,"w":500,"h":500,"ip":71,"op":130,"st":71,"bm":0,"completed":true,"layers":[{"ddd":0,"ind":1,"ty":4,"nm":"Bubble 1/[1-25] Outlines","sr":1,"ks":{"o":{"a":0,"k":100,"ix":11},"r":{"a":0,"k":0,"ix":10},"p":{"a":1,"k":[{"i":{"x":0.833,"y":0.909},"o":{"x":0,"y":0},"t":0,"s":[279,133,0],"to":[0,0,0],"ti":[2.5,29,0]},{"i":{"x":0.833,"y":0.833},"o":{"x":0.167,"y":0.167},"t":7.713,"s":[297,96.5,0],"to":[-2.5,-29,0],"ti":[-22,11,0]},{"i":{"x":0.476,"y":1},"o":{"x":0.167,"y":0.261},"t":23.283,"s":[315,35,0],"to":[22,-11,0],"ti":[-4,26,0]},{"t":60,"s":[363,-15,0]}],"ix":2},"a":{"a":0,"k":[287.5,84.75,0],"ix":1},"s":{"a":1,"k":[{"i":{"x":[0.833,0.833,0.833],"y":[0.833,0.833,0.833]},"o":{"x":[0.167,0.167,0.167],"y":[0.167,0.167,0.167]},"t":0,"s":[0,0,100]},{"i":{"x":[0.833,0.833,0.833],"y":[0.833,0.833,0.833]},"o":{"x":[0.167,0.167,0.167],"y":[0.167,0.167,0.167]},"t":12,"s":[105,105,100]},{"t":23,"s":[100,100,100]}],"ix":6}},"ao":0,"shapes":[{"ty":"gr","it":[{"ind":0,"ty":"sh","ix":1,"ks":{"a":0,"k":{"i":[[6.665,-3.681],[3.682,6.665],[-6.665,3.681],[-3.681,-6.665]],"o":[[6.665,3.681],[-3.681,6.665],[-6.665,-3.681],[3.682,-6.665]],"v":[[6.665,0],[0.001,6.665],[-6.665,0],[0.001,-6.665]],"c":true},"ix":2},"nm":"Path 1","mn":"ADBE Vector Shape - Group","hd":false},{"ty":"fl","c":{"a":0,"k":[0.8912,0.8218,0.4288,1],"ix":4},"o":{"a":0,"k":100,"ix":5},"r":1,"bm":0,"nm":"Fill 1","mn":"ADBE Vector Graphic - Fill","hd":false},{"ty":"tr","p":{"a":0,"k":[287.941,85.104],"ix":2},"a":{"a":0,"k":[0,0],"ix":1},"s":{"a":0,"k":[100,100],"ix":3},"r":{"a":0,"k":0,"ix":6},"o":{"a":0,"k":100,"ix":7},"sk":{"a":0,"k":0,"ix":4},"sa":{"a":0,"k":0,"ix":5},"nm":"Transform"}],"nm":"Group 1","np":2,"cix":2,"bm":0,"ix":1,"mn":"ADBE Vector Group","hd":false}],"ip":0,"op":301,"st":0,"bm":0,"completed":true}]},{"ddd":0,"ind":15,"ty":0,"nm":"Bubble Normal","refId":"comp_0","sr":1,"ks":{"o":{"a":0,"k":100,"ix":11},"r":{"a":0,"k":0,"ix":10},"p":{"a":0,"k":[250,250,0],"ix":2},"a":{"a":0,"k":[250,250,0],"ix":1},"s":{"a":0,"k":[100,100,100],"ix":6}},"ao":0,"w":500,"h":500,"ip":71,"op":130,"st":71,"bm":0,"completed":true,"layers":[{"ddd":0,"ind":1,"ty":4,"nm":"Bubble 1/[1-25] Outlines","sr":1,"ks":{"o":{"a":0,"k":100,"ix":11},"r":{"a":0,"k":0,"ix":10},"p":{"a":1,"k":[{"i":{"x":0.833,"y":0.909},"o":{"x":0,"y":0},"t":0,"s":[279,133,0],"to":[0,0,0],"ti":[2.5,29,0]},{"i":{"x":0.833,"y":0.833},"o":{"x":0.167,"y":0.167},"t":7.713,"s":[297,96.5,0],"to":[-2.5,-29,0],"ti":[-22,11,0]},{"i":{"x":0.476,"y":1},"o":{"x":0.167,"y":0.261},"t":23.283,"s":[315,35,0],"to":[22,-11,0],"ti":[-4,26,0]},{"t":60,"s":[363,-15,0]}],"ix":2},"a":{"a":0,"k":[287.5,84.75,0],"ix":1},"s":{"a":1,"k":[{"i":{"x":[0.833,0.833,0.833],"y":[0.833,0.833,0.833]},"o":{"x":[0.167,0.167,0.167],"y":[0.167,0.167,0.167]},"t":0,"s":[0,0,100]},{"i":{"x":[0.833,0.833,0.833],"y":[0.833,0.833,0.833]},"o":{"x":[0.167,0.167,0.167],"y":[0.167,0.167,0.167]},"t":12,"s":[105,105,100]},{"t":23,"s":[100,100,100]}],"ix":6}},"ao":0,"shapes":[{"ty":"gr","it":[{"ind":0,"ty":"sh","ix":1,"ks":{"a":0,"k":{"i":[[6.665,-3.681],[3.682,6.665],[-6.665,3.681],[-3.681,-6.665]],"o":[[6.665,3.681],[-3.681,6.665],[-6.665,-3.681],[3.682,-6.665]],"v":[[6.665,0],[0.001,6.665],[-6.665,0],[0.001,-6.665]],"c":true},"ix":2},"nm":"Path 1","mn":"ADBE Vector Shape - Group","hd":false},{"ty":"fl","c":{"a":0,"k":[0.8912,0.8218,0.4288,1],"ix":4},"o":{"a":0,"k":100,"ix":5},"r":1,"bm":0,"nm":"Fill 1","mn":"ADBE Vector Graphic - Fill","hd":false},{"ty":"tr","p":{"a":0,"k":[287.941,85.104],"ix":2},"a":{"a":0,"k":[0,0],"ix":1},"s":{"a":0,"k":[100,100],"ix":3},"r":{"a":0,"k":0,"ix":6},"o":{"a":0,"k":100,"ix":7},"sk":{"a":0,"k":0,"ix":4},"sa":{"a":0,"k":0,"ix":5},"nm":"Transform"}],"nm":"Group 1","np":2,"cix":2,"bm":0,"ix":1,"mn":"ADBE Vector Group","hd":false}],"ip":0,"op":301,"st":0,"bm":0,"completed":true}]},{"ddd":0,"ind":16,"ty":0,"nm":"Bubble Medium","refId":"comp_1","sr":1,"ks":{"o":{"a":0,"k":100,"ix":11},"r":{"a":0,"k":0,"ix":10},"p":{"a":0,"k":[250,250,0],"ix":2},"a":{"a":0,"k":[250,250,0],"ix":1},"s":{"a":0,"k":[100,100,100],"ix":6}},"ao":0,"w":500,"h":500,"ip":71,"op":130,"st":71,"bm":0,"completed":true,"layers":[{"ddd":0,"ind":1,"ty":4,"nm":"Bubble 2/[1-25] Outlines","sr":1,"ks":{"o":{"a":0,"k":100,"ix":11},"r":{"a":0,"k":0,"ix":10},"p":{"a":1,"k":[{"i":{"x":0.833,"y":0.897},"o":{"x":0,"y":0},"t":0,"s":[133.5,179.5,0],"to":[0,0,0],"ti":[-10,34.5,0]},{"i":{"x":0.833,"y":0.833},"o":{"x":0.167,"y":0.167},"t":12.637,"s":[94,115.5,0],"to":[10,-34.5,0],"ti":[11.5,25.5,0]},{"i":{"x":0.535,"y":1},"o":{"x":0.167,"y":0.268},"t":27.896,"s":[101,41,0],"to":[-11.5,-25.5,0],"ti":[-8.5,24,0]},{"t":60,"s":[78,-31.5,0]}],"ix":2},"a":{"a":0,"k":[121.5,99,0],"ix":1},"s":{"a":1,"k":[{"i":{"x":[0.833,0.833,0.833],"y":[0.833,0.833,0.833]},"o":{"x":[0.167,0.167,0.167],"y":[0.167,0.167,0.167]},"t":0,"s":[0,0,100]},{"t":14,"s":[100,100,100]}],"ix":6}},"ao":0,"shapes":[{"ty":"gr","it":[{"ind":0,"ty":"sh","ix":1,"ks":{"a":0,"k":{"i":[[9.327,-5.152],[5.151,9.327],[-9.327,5.1499999999999995],[-5.152,-9.327]],"o":[[9.327,5.1499999999999995],[-5.152,9.327],[-9.327,-5.152],[5.151,-9.327]],"v":[[9.327,-0.001],[0,9.327],[-9.327,-0.001],[0,-9.327]],"c":true},"ix":2},"nm":"Path 1","mn":"ADBE Vector Shape - Group","hd":false},{"ty":"fl","c":{"a":0,"k":[0.8912,0.8218,0.4288,1],"ix":4},"o":{"a":0,"k":100,"ix":5},"r":1,"bm":0,"nm":"Fill 1","mn":"ADBE Vector Graphic - Fill","hd":false},{"ty":"tr","p":{"a":0,"k":[121.967,99.037],"ix":2},"a":{"a":0,"k":[0,0],"ix":1},"s":{"a":0,"k":[100,100],"ix":3},"r":{"a":0,"k":0,"ix":6},"o":{"a":0,"k":100,"ix":7},"sk":{"a":0,"k":0,"ix":4},"sa":{"a":0,"k":0,"ix":5},"nm":"Transform"}],"nm":"Group 1","np":2,"cix":2,"bm":0,"ix":1,"mn":"ADBE Vector Group","hd":false}],"ip":0,"op":301,"st":0,"bm":0,"completed":true}]},{"ddd":0,"ind":17,"ty":0,"nm":"Bubble Small","refId":"comp_2","sr":1,"ks":{"o":{"a":0,"k":100,"ix":11},"r":{"a":0,"k":0,"ix":10},"p":{"a":0,"k":[250,250,0],"ix":2},"a":{"a":0,"k":[250,250,0],"ix":1},"s":{"a":0,"k":[100,100,100],"ix":6}},"ao":0,"w":500,"h":500,"ip":71,"op":130,"st":71,"bm":0,"completed":true,"layers":[{"ddd":0,"ind":1,"ty":4,"nm":"Bubble 3/[1-25] Outlines","sr":1,"ks":{"o":{"a":0,"k":100,"ix":11},"r":{"a":0,"k":0,"ix":10},"p":{"a":1,"k":[{"i":{"x":0.833,"y":0.828},"o":{"x":0.333,"y":0},"t":0,"s":[344.5,169,0],"to":[0,0,0],"ti":[-24.5,46,0]},{"i":{"x":0.667,"y":1},"o":{"x":0.167,"y":0.162},"t":28.217,"s":[342.5,89.5,0],"to":[24.5,-46,0],"ti":[6.5,18.5,0]},{"t":60,"s":[348,-7,0]}],"ix":2},"a":{"a":0,"k":[333.5,122.5,0],"ix":1},"s":{"a":1,"k":[{"i":{"x":[0.833,0.833,0.833],"y":[0.833,0.833,0.833]},"o":{"x":[0.167,0.167,0.167],"y":[0.167,0.167,0.167]},"t":0,"s":[0,0,100]},{"i":{"x":[0.833,0.833,0.833],"y":[0.833,0.833,0.833]},"o":{"x":[0.167,0.167,0.167],"y":[0.167,0.167,0.167]},"t":12,"s":[105,105,100]},{"t":23,"s":[100,100,100]}],"ix":6}},"ao":0,"shapes":[{"ty":"gr","it":[{"ind":0,"ty":"sh","ix":1,"ks":{"a":0,"k":{"i":[[4.777,-2.639],[2.638,4.776],[-4.776,2.637],[-2.637,-4.776]],"o":[[4.777,2.637],[-2.637,4.776],[-4.776,-2.639],[2.638,-4.776]],"v":[[4.777,-0.001],[0.001,4.776],[-4.776,-0.001],[0.001,-4.776]],"c":true},"ix":2},"nm":"Path 1","mn":"ADBE Vector Shape - Group","hd":false},{"ty":"fl","c":{"a":0,"k":[0.8912,0.8218,0.4288,1],"ix":4},"o":{"a":0,"k":100,"ix":5},"r":1,"bm":0,"nm":"Fill 1","mn":"ADBE Vector Graphic - Fill","hd":false},{"ty":"tr","p":{"a":0,"k":[333.76,122.886],"ix":2},"a":{"a":0,"k":[0,0],"ix":1},"s":{"a":0,"k":[100,100],"ix":3},"r":{"a":0,"k":0,"ix":6},"o":{"a":0,"k":100,"ix":7},"sk":{"a":0,"k":0,"ix":4},"sa":{"a":0,"k":0,"ix":5},"nm":"Transform"}],"nm":"Group 1","np":2,"cix":2,"bm":0,"ix":1,"mn":"ADBE Vector Group","hd":false}],"ip":0,"op":301,"st":0,"bm":0,"completed":true}]},{"ddd":0,"ind":18,"ty":0,"nm":"Bubble Big","refId":"comp_3","sr":1,"ks":{"o":{"a":0,"k":100,"ix":11},"r":{"a":0,"k":15,"ix":10},"p":{"a":0,"k":[185,189,0],"ix":2},"a":{"a":0,"k":[250,250,0],"ix":1},"s":{"a":0,"k":[100,100,100],"ix":6}},"ao":0,"w":500,"h":500,"ip":71,"op":130,"st":71,"bm":0,"completed":true,"layers":[{"ddd":0,"ind":1,"ty":4,"nm":"Bubble 5/[1-25] Outlines","sr":1,"ks":{"o":{"a":0,"k":100,"ix":11},"r":{"a":0,"k":0,"ix":10},"p":{"a":1,"k":[{"i":{"x":0.833,"y":0.808},"o":{"x":0.333,"y":0},"t":0,"s":[406,167,0],"to":[0,0,0],"ti":[21,32.5,0]},{"i":{"x":0.833,"y":0.833},"o":{"x":0.167,"y":0.167},"t":23.545,"s":[401.5,100,0],"to":[-21,-32.5,0],"ti":[-14.5,13.5,0]},{"i":{"x":0.667,"y":1},"o":{"x":0.167,"y":0.199},"t":37.734,"s":[411.5,37.5,0],"to":[14.5,-13.5,0],"ti":[8,4,0]},{"t":60,"s":[400.5,-20.5,0]}],"ix":2},"a":{"a":0,"k":[376.5,95.5,0],"ix":1},"s":{"a":1,"k":[{"i":{"x":[0.833,0.833,0.833],"y":[0.833,0.833,0.833]},"o":{"x":[0.167,0.167,0.167],"y":[0.167,0.167,0.167]},"t":0,"s":[0,0,100]},{"i":{"x":[0.833,0.833,0.833],"y":[0.833,0.833,0.833]},"o":{"x":[0.167,0.167,0.167],"y":[0.167,0.167,0.167]},"t":12,"s":[105,105,100]},{"t":23,"s":[100,100,100]}],"ix":6}},"ao":0,"shapes":[{"ty":"gr","it":[{"ind":0,"ty":"sh","ix":1,"ks":{"a":0,"k":{"i":[[10.776,-5.951],[5.951,10.776],[-10.776,5.952],[-5.952,-10.776]],"o":[[10.776,5.952],[-5.952,10.776],[-10.776,-5.951],[5.951,-10.776]],"v":[[10.776,0],[0,10.776],[-10.776,0],[0,-10.776]],"c":true},"ix":2},"nm":"Path 1","mn":"ADBE Vector Shape - Group","hd":false},{"ty":"fl","c":{"a":0,"k":[0.8912,0.8218,0.4288,1],"ix":4},"o":{"a":0,"k":100,"ix":5},"r":1,"bm":0,"nm":"Fill 1","mn":"ADBE Vector Graphic - Fill","hd":false},{"ty":"tr","p":{"a":0,"k":[376.584,95.88],"ix":2},"a":{"a":0,"k":[0,0],"ix":1},"s":{"a":0,"k":[100,100],"ix":3},"r":{"a":0,"k":0,"ix":6},"o":{"a":0,"k":100,"ix":7},"sk":{"a":0,"k":0,"ix":4},"sa":{"a":0,"k":0,"ix":5},"nm":"Transform"}],"nm":"Group 1","np":2,"cix":2,"bm":0,"ix":1,"mn":"ADBE Vector Group","hd":false}],"ip":0,"op":301,"st":0,"bm":0,"completed":true}]},{"ddd":0,"ind":19,"ty":4,"nm":"Text/[1-25] Outlines","sr":1,"ks":{"o":{"a":0,"k":100,"ix":11},"r":{"a":0,"k":0,"ix":10},"p":{"a":0,"k":[250,250,0],"ix":2},"a":{"a":0,"k":[250,250,0],"ix":1},"s":{"a":0,"k":[100,100,100],"ix":6}},"ao":0,"shapes":[{"ty":"gr","it":[{"ind":0,"ty":"sh","ix":1,"ks":{"a":0,"k":{"i":[[-11.891,-13.56],[-5.84,-13.56],[-5.84,-2.426],[4.402,-13.56],[11.891,-13.56],[1.106,-1.571],[3.7569999999999997,2.1329999999999996],[10.648,11.827],[4.832,13.56],[-3.125,2.853],[-5.84,5.878],[-5.84,13.56],[-11.891,13.56]],"o":[[-11.891,-13.56],[-5.84,-13.56],[-5.84,-2.426],[4.402,-13.56],[11.891,-13.56],[2.0340000000000003,-0.28],[8.772,9.196],[11.891,13.56],[4.832,13.56],[-3.125,2.853],[-5.84,5.878],[-5.84,13.56],[-11.891,13.56]],"v":[[-11.891,-13.56],[-5.84,-13.56],[-5.84,-2.426],[4.402,-13.56],[11.891,-13.56],[1.106,-1.571],[6.265,5.664],[11.891,13.56],[4.832,13.56],[-3.125,2.853],[-5.84,5.878],[-5.84,13.56],[-11.891,13.56]],"c":true},"ix":2},"nm":"Path 1","mn":"ADBE Vector Shape - Group","hd":false,"_render":true},{"ty":"fl","c":{"a":0,"k":[0.174,0.1668,0.126,1],"ix":4},"o":{"a":0,"k":100,"ix":5},"r":1,"bm":0,"nm":"Fill 1","mn":"ADBE Vector Graphic - Fill","hd":false,"_render":true},{"ty":"tr","p":{"a":0,"k":[290.995,408.001],"ix":2},"a":{"a":0,"k":[0,0],"ix":1},"s":{"a":0,"k":[100,100],"ix":3},"r":{"a":0,"k":0,"ix":6},"o":{"a":0,"k":100,"ix":7},"sk":{"a":0,"k":0,"ix":4},"sa":{"a":0,"k":0,"ix":5},"nm":"Transform","_render":true}],"nm":"Group 1","np":2,"cix":2,"bm":0,"ix":1,"mn":"ADBE Vector Group","hd":false,"_render":true},{"ty":"gr","it":[{"ind":0,"ty":"sh","ix":1,"ks":{"a":0,"k":{"i":[[6.464,-13.56],[12.513,-13.56],[12.513,13.56],[6.464,13.56],[-6.458,-3.434],[-6.458,13.56],[-12.514,13.56],[-12.514,-13.56],[-6.849,-13.56],[6.464,3.898]],"o":[[6.464,-13.56],[12.513,-13.56],[12.513,13.56],[6.464,13.56],[-6.458,-3.434],[-6.458,13.56],[-12.514,13.56],[-12.514,-13.56],[-6.849,-13.56],[6.464,3.898]],"v":[[6.464,-13.56],[12.513,-13.56],[12.513,13.56],[6.464,13.56],[-6.458,-3.434],[-6.458,13.56],[-12.514,13.56],[-12.514,-13.56],[-6.849,-13.56],[6.464,3.898]],"c":true},"ix":2},"nm":"Path 1","mn":"ADBE Vector Shape - Group","hd":false,"_render":true},{"ty":"fl","c":{"a":0,"k":[0.174,0.1668,0.126,1],"ix":4},"o":{"a":0,"k":100,"ix":5},"r":1,"bm":0,"nm":"Fill 1","mn":"ADBE Vector Graphic - Fill","hd":false,"_render":true},{"ty":"tr","p":{"a":0,"k":[259.916,408.001],"ix":2},"a":{"a":0,"k":[0,0],"ix":1},"s":{"a":0,"k":[100,100],"ix":3},"r":{"a":0,"k":0,"ix":6},"o":{"a":0,"k":100,"ix":7},"sk":{"a":0,"k":0,"ix":4},"sa":{"a":0,"k":0,"ix":5},"nm":"Transform","_render":true}],"nm":"Group 2","np":2,"cix":2,"bm":0,"ix":2,"mn":"ADBE Vector Group","hd":false,"_render":true},{"ty":"gr","it":[{"ind":0,"ty":"sh","ix":1,"ks":{"a":0,"k":{"i":[[0.02,-5.49],[-3.396,2.385],[3.392,2.385]],"o":[[0.02,-5.49],[-3.396,2.385],[3.392,2.385]],"v":[[0.02,-5.49],[-3.396,2.385],[3.392,2.385]],"c":true},"ix":2},"nm":"Path 1","mn":"ADBE Vector Shape - Group","hd":false,"_render":true},{"ind":1,"ty":"sh","ix":2,"ks":{"a":0,"k":{"i":[[8.203,13.56],[5.684,7.702],[-5.683,7.702],[-8.209,13.56],[-14.645,13.56],[-2.93,-13.56],[2.931,-13.56],[14.645,13.56]],"o":[[8.203,13.56],[5.684,7.702],[-5.683,7.702],[-8.209,13.56],[-14.645,13.56],[-2.93,-13.56],[2.931,-13.56],[14.645,13.56]],"v":[[8.203,13.56],[5.684,7.702],[-5.683,7.702],[-8.209,13.56],[-14.645,13.56],[-2.93,-13.56],[2.931,-13.56],[14.645,13.56]],"c":true},"ix":2},"nm":"Path 2","mn":"ADBE Vector Shape - Group","hd":false,"_render":true},{"ty":"mm","mm":1,"nm":"Merge Paths 1","mn":"ADBE Vector Filter - Merge","hd":false,"_render":true},{"ty":"fl","c":{"a":0,"k":[0.174,0.1668,0.126,1],"ix":4},"o":{"a":0,"k":100,"ix":5},"r":1,"bm":0,"nm":"Fill 1","mn":"ADBE Vector Graphic - Fill","hd":false,"_render":true},{"ty":"tr","p":{"a":0,"k":[229.613,408.001],"ix":2},"a":{"a":0,"k":[0,0],"ix":1},"s":{"a":0,"k":[100,100],"ix":3},"r":{"a":0,"k":0,"ix":6},"o":{"a":0,"k":100,"ix":7},"sk":{"a":0,"k":0,"ix":4},"sa":{"a":0,"k":0,"ix":5},"nm":"Transform","_render":true}],"nm":"Group 3","np":4,"cix":2,"bm":0,"ix":3,"mn":"ADBE Vector Group","hd":false,"_render":true},{"ty":"gr","it":[{"ind":0,"ty":"sh","ix":1,"ks":{"a":0,"k":{"i":[[-4.775,8.438],[-0.62,8.438],[2.412,8.222999999999999],[4.578,6.531],[4.117,3.194],[0.8139999999999998,2.193],[-4.775,2.193]],"o":[[-4.775,8.438],[1.1110000000000002,8.438],[4.142,7.372],[4.578,4.021],[2.279,2.392],[-1.207,2.193],[-4.775,2.193]],"v":[[-4.775,8.438],[-0.62,8.438],[3.277,7.797],[4.578,5.278],[3.201,2.792],[-1.207,2.193],[-4.775,2.193]],"c":true},"ix":2},"nm":"Path 1","mn":"ADBE Vector Shape - Group","hd":false,"_render":true},{"ind":1,"ty":"sh","ix":2,"ks":{"a":0,"k":{"i":[[-4.775,-2.582],[-1.901,-2.582],[1.0290000000000001,-2.761],[3.062,-4.2669999999999995],[2.689,-7.468999999999999],[-0.07600000000000007,-8.438],[-4.775,-8.438]],"o":[[-4.775,-2.582],[-0.22199999999999998,-2.582],[2.659,-3.484],[3.062,-6.673],[1.186,-8.246],[-1.864,-8.438],[-4.775,-8.438]],"v":[[-4.775,-2.582],[-1.901,-2.582],[1.844,-3.125],[3.062,-5.47],[1.938,-7.858],[-1.864,-8.438],[-4.775,-8.438]],"c":true},"ix":2},"nm":"Path 2","mn":"ADBE Vector Shape - Group","hd":false,"_render":true},{"ind":2,"ty":"sh","ix":3,"ks":{"a":0,"k":{"i":[[4.774,13.56],[-10.824,13.56],[-10.824,-13.56],[-0.272,-13.56],[3.144,-13.342],[6.813,-11.868],[9.308,-8.141],[8.626,-2.682],[6.466,-1.059],[5.7780000000000005,-0.731],[8.335,0.5950000000000002],[10.824,4.324],[10.179,9.591000000000001]],"o":[[1.048,13.56],[-10.824,13.56],[-10.824,-13.56],[1.565,-13.56],[5.809,-12.461],[8.702,-9.721],[9.308,-4.260999999999999],[6.788,-1.287],[6.1000000000000005,-0.879],[6.997,-0.16300000000000003],[10.325,2.8970000000000002],[10.824,7.92],[7.382000000000001,12.72]],"v":[[1.048,13.56],[-10.824,13.56],[-10.824,-13.56],[-0.272,-13.56],[4.477,-12.9],[7.489,-11.117],[9.308,-6.382],[7.255,-1.65],[6.283,-0.971],[5.317,-0.526],[9.327,1.745],[10.824,6.033],[8.884,11.037]],"c":true},"ix":2},"nm":"Path 3","mn":"ADBE Vector Shape - Group","hd":false,"_render":true},{"ty":"mm","mm":1,"nm":"Merge Paths 1","mn":"ADBE Vector Filter - Merge","hd":false,"_render":true},{"ty":"fl","c":{"a":0,"k":[0.174,0.1668,0.126,1],"ix":4},"o":{"a":0,"k":100,"ix":5},"r":1,"bm":0,"nm":"Fill 1","mn":"ADBE Vector Graphic - Fill","hd":false,"_render":true},{"ty":"tr","p":{"a":0,"k":[202.901,408.001],"ix":2},"a":{"a":0,"k":[0,0],"ix":1},"s":{"a":0,"k":[100,100],"ix":3},"r":{"a":0,"k":0,"ix":6},"o":{"a":0,"k":100,"ix":7},"sk":{"a":0,"k":0,"ix":4},"sa":{"a":0,"k":0,"ix":5},"nm":"Transform","_render":true}],"nm":"Group 4","np":5,"cix":2,"bm":0,"ix":4,"mn":"ADBE Vector Group","hd":false,"_render":true}],"ip":0,"op":301,"st":0,"bm":0,"completed":true},{"ddd":0,"ind":20,"ty":4,"nm":"BG/[1-25] Outlines","sr":1,"ks":{"o":{"a":0,"k":100,"ix":11},"r":{"a":0,"k":0,"ix":10},"p":{"a":0,"k":[250,250,0],"ix":2},"a":{"a":0,"k":[250,250,0],"ix":1},"s":{"a":0,"k":[100,100,100],"ix":6}},"ao":0,"shapes":[{"ty":"gr","it":[{"ind":0,"ty":"sh","ix":1,"ks":{"a":0,"k":{"i":[[-250,250],[250,250],[250,-250],[-250,-250]],"o":[[-250,250],[250,250],[250,-250],[-250,-250]],"v":[[-250,250],[250,250],[250,-250],[-250,-250]],"c":true},"ix":2},"nm":"Path 1","mn":"ADBE Vector Shape - Group","hd":false,"_render":true},{"ty":"fl","c":{"a":0,"k":[1,1,1,1],"ix":4},"o":{"a":0,"k":100,"ix":5},"r":1,"bm":0,"nm":"Fill 1","mn":"ADBE Vector Graphic - Fill","hd":false,"_render":true},{"ty":"tr","p":{"a":0,"k":[250,250],"ix":2},"a":{"a":0,"k":[0,0],"ix":1},"s":{"a":0,"k":[100,100],"ix":3},"r":{"a":0,"k":0,"ix":6},"o":{"a":0,"k":100,"ix":7},"sk":{"a":0,"k":0,"ix":4},"sa":{"a":0,"k":0,"ix":5},"nm":"Transform","_render":true}],"nm":"Group 1","np":2,"cix":2,"bm":0,"ix":1,"mn":"ADBE Vector Group","hd":false,"_render":true}],"ip":0,"op":301,"st":0,"bm":0,"completed":true}],"markers":[],"__complete":true}